,,,fidelity_x_EXPLAN,exp_size_EXPLAN,cv_cv_EXPLAN,precision_EXPLAN,fidelity_X_EXPLAN,coverage_EXPLAN,coverage_X_EXPLAN,n_samples_EXPLAN,distance_EXPLAN,balance_rate_X_EXPLAN,time_EXPLAN,fidelity_x_LORE,exp_size_LORE,cv_cv_LORE,precision_LORE,fidelity_X_LORE,coverage_LORE,coverage_X_LORE,n_samples_LORE,distance_LORE,balance_rate_X_LORE,time_LORE,fidelity_x_Anchor,exp_size_Anchor,cv_cv_Anchor,precision_Anchor,fidelity_X_Anchor,coverage_Anchor,coverage_X_Anchor,n_samples_Anchor,distance_Anchor,balance_rate_X_Anchor,time_Anchor,fidelity_x_LIME,exp_size_LIME,fidelity_X_LIME,time_LIME
,,AVERAGE,=average(D4:D4000),=average(E4:E4000),=average(F4:F4000),=average(G4:G4000),=average(H4:H4000),=average(I4:I4000),=average(J4:J4000),=average(K4:K4000),=average(L4:L4000),=average(M4:M4000),=average(N4:N4000),=average(O4:O4000),=average(P4:P4000),=average(Q4:Q4000),=average(R4:R4000),=average(S4:S4000),=average(T4:T4000),=average(U4:U4000),=average(V4:V4000),=average(W4:W4000),=average(X4:X4000),=average(Y4:Y4000),=average(Z4:Z4000),=average(AA4:AA4000),=average(AB4:AB4000),=average(AC4:AC4000),=average(AD4:AD4000),=average(AE4:AE4000),=average(AF4:AF4000),=average(AG4:AG4000),=average(AH4:AH4000),=average(AI4:AI4000),=average(AJ4:AJ4000),=average(AK4:AK4000),=average(AL4:AL4000),=average(AM4:AM4000),=average(AN4:AN4000)
,,STDDEV,=stdev(D4:D4000),=stdev(E4:E4000),=stdev(F4:F4000),=stdev(G4:G4000),=stdev(H4:H4000),=stdev(I4:I4000),=stdev(J4:J4000),=stdev(K4:K4000),=stdev(L4:L4000),=stdev(M4:M4000),=stdev(N4:N4000),=stdev(O4:O4000),=stdev(P4:P4000),=stdev(Q4:Q4000),=stdev(R4:R4000),=stdev(S4:S4000),=stdev(T4:T4000),=stdev(U4:U4000),=stdev(V4:V4000),=stdev(W4:W4000),=stdev(X4:X4000),=stdev(Y4:Y4000),=stdev(Z4:Z4000),=stdev(AA4:AA4000),=stdev(AB4:AB4000),=stdev(AC4:AC4000),=stdev(AD4:AD4000),=stdev(AE4:AE4000),=stdev(AF4:AF4000),=stdev(AG4:AG4000),=stdev(AH4:AH4000),=stdev(AI4:AI4000),=stdev(AJ4:AJ4000),=stdev(AK4:AK4000),=stdev(AL4:AL4000),=stdev(AM4:AM4000),=stdev(AN4:AN4000)
0,german,nn,1,1,0.961,1.000,1.000,0.600,0.500,568,665458,1.000,1.925,1,1,1.881,0.963,0.999,0.800,0.507,1063,1599296,0.992,11.150,1,1,0.549,1.000,1.000,0.500,0.640,300,522995,0.590,0.366,1,8,0.949,36.001,EXPLAN Rule -> ,{'credit_amount': '>2118'},LORE Rule ->,{'credit_amount': '>1259'},Anchor Rule ->,{'credit_amount': '>2333.00'}
1,german,nn,1,1,0.478,1.000,1.000,0.470,0.500,574,1000388,1.000,2.753,1,1,3.042,0.888,1.000,0.980,0.511,1041,2177721,0.989,11.118,1,1,0.581,1.000,1.000,0.220,0.376,500,1254508,0.578,0.452,1,6,0.944,38.279,EXPLAN Rule -> ,{'credit_amount': '>2606'},LORE Rule ->,{'credit_amount': '>436'},Anchor Rule ->,{'credit_amount': '>4154.50'}
2,german,nn,1,1,0.705,1.000,1.000,0.620,0.500,588,419850,1.000,2.122,1,1,1.779,0.870,1.000,1.000,0.503,1056,1359285,0.997,11.367,1,1,0.580,0.973,1.000,0.730,0.756,500,825820,0.632,0.427,1,6,0.949,36.544,EXPLAN Rule -> ,{'credit_amount': '>1980'},LORE Rule ->,{'credit_amount': '>-73'},Anchor Rule ->,{'credit_amount': '>1380.00'}
3,german,nn,1,3,0.658,1.000,0.982,0.060,0.416,558,136858,0.998,2.604,1,3,2.307,1.000,0.993,0.300,0.450,1015,80558,0.987,12.210,1,2,0.604,0.926,1.000,0.270,0.448,1300,2335661,0.612,0.697,1,8,0.952,35.573,EXPLAN Rule -> ,{'credit_amount': '1188.0< credit_amount <=1333.0', 'age': '<=40'},LORE Rule ->,{'age': '<=27.0', 'duration_in_month': '>11'},Anchor Rule ->,{'age': '<=27.00', 'savings': '... < 100 DM'}
4,german,nn,1,1,0.584,1.000,1.000,0.470,0.500,542,1760859,1.000,1.845,1,1,2.537,0.916,1.000,0.950,0.510,1075,4209062,0.990,11.255,1,1,0.563,1.000,1.000,0.220,0.296,700,2972569,0.609,0.489,1,7,0.945,36.515,EXPLAN Rule -> ,{'credit_amount': '>2578'},LORE Rule ->,{'credit_amount': '>569'},Anchor Rule ->,{'credit_amount': '>4154.50'}
5,german,nn,1,1,0.704,1.000,0.996,0.610,0.503,664,502782,0.998,2.172,1,1,1.608,0.974,1.000,0.780,0.514,1047,1207462,0.986,11.757,1,1,0.581,1.000,1.000,0.500,0.677,300,585670,0.580,0.411,1,9,0.947,36.048,EXPLAN Rule -> ,{'credit_amount': '>2039'},LORE Rule ->,{'credit_amount': '>1282'},Anchor Rule ->,{'credit_amount': '>2333.00'}
6,german,nn,1,1,0.673,1.000,0.992,0.620,0.509,588,354540,1.000,2.126,1,1,2.515,1.000,0.993,0.700,0.521,1083,613613,0.969,11.948,1,1,0.535,0.973,1.000,0.730,0.818,500,915515,0.616,0.506,1,10,0.948,36.952,EXPLAN Rule -> ,{'credit_amount': '>1967'},LORE Rule ->,{'credit_amount': '>1516'},Anchor Rule ->,{'credit_amount': '>1380.00'}
7,german,nn,1,5,0.663,1.000,0.965,0.010,0.008,1654,858712,0.999,4.770,0,11,1.917,0.000,0.994,0.010,0.296,996,62191,0.969,13.967,1,2,0.555,0.962,1.000,0.260,0.375,2500,6013396,0.632,0.774,1,9,0.952,37.731,EXPLAN Rule -> ,{'duration_in_month': '<=23', 'age': '<=22.0', 'credit_amount': '<=904', 'purpose': 'domestic appliances'},LORE Rule ->,{'duration_in_month': '11.0< duration_in_month <=12.0', 'job': 'skilled employee / official', 'present_res_since': '4', 'savings': '... < 100 DM', 'other_debtors': 'co-applicant', 'present_emp_since': '1 <= ... < 4 years', 'housing': 'rent', 'account_check_status': '0 <= ... < 200 DM', 'installment_as_income_perc': '4', 'age': '>18'},Anchor Rule ->,{'age': '<=27.00', 'job': 'skilled employee / official'}
8,german,nn,1,1,0.649,1.000,1.000,0.530,0.500,618,826998,1.000,2.266,1,1,1.818,0.974,0.997,0.770,0.510,1026,1483373,0.987,11.463,1,1,0.555,1.000,1.000,0.500,0.523,1813,3572162,0.639,0.645,1,10,0.944,37.168,EXPLAN Rule -> ,{'credit_amount': '>2251'},LORE Rule ->,{'credit_amount': '>1283'},Anchor Rule ->,{'credit_amount': '>2333.00'}
9,german,nn,1,1,0.742,1.000,0.997,0.620,0.500,698,2844016,0.997,1.604,1,1,2.275,0.897,0.999,0.970,0.505,1069,4994988,0.994,11.739,1,1,0.584,1.000,1.000,0.220,0.260,1100,6115781,0.618,0.544,1,10,0.949,36.012,EXPLAN Rule -> ,{'credit_amount': '>1941'},LORE Rule ->,{'credit_amount': '>479'},Anchor Rule ->,{'credit_amount': '>4154.50'}
10,german,nn,1,4,0.687,1.000,0.971,0.060,0.101,1638,954731,0.998,5.157,1,1,1.734,0.293,0.967,0.410,0.496,1060,156455,0.992,11.495,1,13,0.839,1.000,1.000,0.010,0.311,49020,29420778,0.802,9.806,0,10,0.948,37.566,EXPLAN Rule -> ,{'duration_in_month': '<=11.0', 'credit_amount': '<=933', 'age': '<=34'},LORE Rule ->,{'duration_in_month': '<=15'},Anchor Rule ->,{'credit_amount': '<=1380.00', 'duration_in_month': '<=12.00', 'age': '>27.00', 'purpose': 'domestic appliances', 'housing': 'own', 'foreign_worker': 'yes', 'property': 'real estate', 'telephone': 'none', 'other_debtors': 'guarantor', 'personal_status_sex': 'male : married/widowed', 'present_emp_since': '4 <= ... < 7 years', 'people_under_maintenance': '1', 'credit_history': 'existing credits paid back duly till now'}
11,german,nn,1,1,1.168,1.000,1.000,0.480,0.500,596,928447,1.000,2.012,1,1,2.188,0.924,0.998,0.920,0.511,1050,1851028,0.987,11.756,1,1,0.565,1.000,1.000,0.500,0.630,300,598209,0.610,0.391,1,10,0.945,35.837,EXPLAN Rule -> ,{'credit_amount': '>2427'},LORE Rule ->,{'credit_amount': '>609'},Anchor Rule ->,{'credit_amount': '>2333.00'}
12,german,nn,1,3,0.698,1.000,0.983,0.020,0.396,636,169456,1.000,2.459,1,3,1.654,1.000,0.983,0.540,0.504,1075,232896,0.947,12.347,1,1,0.608,1.000,1.000,0.460,0.533,811,1183667,0.628,0.479,1,9,0.948,39.944,EXPLAN Rule -> ,{'credit_amount': '1309.0< credit_amount <=1471.0', 'duration_in_month': '>16'},LORE Rule ->,{'duration_in_month': '>12', 'age': '<=47', 'credit_amount': '>780'},Anchor Rule ->,{'duration_in_month': '>18.00'}
13,german,nn,1,1,0.757,1.000,1.000,0.610,0.500,626,2075519,1.000,1.566,1,1,1.759,0.973,0.998,0.740,0.511,1062,3936424,0.987,11.696,1,1,0.620,1.000,1.000,0.220,0.251,1217,5436944,0.649,0.559,1,10,0.949,38.840,EXPLAN Rule -> ,{'credit_amount': '>2022'},LORE Rule ->,{'credit_amount': '>1336'},Anchor Rule ->,{'credit_amount': '>4154.50'}
14,german,nn,1,1,1.003,1.000,1.000,0.500,0.500,574,1580565,1.000,1.619,1,1,1.558,0.870,1.000,1.000,0.506,1082,3619278,0.994,11.785,1,1,0.554,1.000,1.000,0.220,0.358,500,1641306,0.590,0.447,1,5,0.948,37.671,EXPLAN Rule -> ,{'credit_amount': '>2366'},LORE Rule ->,{'credit_amount': '>-248'},Anchor Rule ->,{'credit_amount': '>4154.50'}
15,german,nn,1,1,0.667,1.000,1.000,0.500,0.500,654,1097446,1.000,1.793,1,1,1.985,0.973,0.999,0.730,0.510,1041,1799418,0.989,11.230,1,1,0.609,1.000,1.000,0.500,0.680,300,582578,0.567,0.427,1,6,0.949,46.651,EXPLAN Rule -> ,{'credit_amount': '>2329'},LORE Rule ->,{'credit_amount': '>1381'},Anchor Rule ->,{'credit_amount': '>2333.00'}
16,german,nn,1,1,0.642,1.000,1.000,0.580,0.500,606,769259,1.000,3.745,1,1,2.288,0.924,0.999,0.920,0.504,1044,1943067,0.995,15.664,1,1,0.565,1.000,1.000,0.500,0.650,500,995211,0.568,0.484,1,6,0.948,47.053,EXPLAN Rule -> ,{'credit_amount': '>2145'},LORE Rule ->,{'credit_amount': '>609'},Anchor Rule ->,{'credit_amount': '>2333.00'}
17,german,nn,1,5,0.726,1.000,0.965,0.010,0.038,770,191683,0.997,3.802,1,2,2.283,0.417,0.996,0.120,0.438,1053,79028,1.000,12.417,1,4,0.569,1.000,1.000,0.010,0.110,8211,9239257,0.815,1.877,1,10,0.952,39.581,EXPLAN Rule -> ,{'credit_amount': '856.0< credit_amount <=1364.0', 'duration_in_month': '<=23', 'age': '>58.0'},LORE Rule ->,{'age': '>38', 'duration_in_month': '<=19'},Anchor Rule ->,{'credit_amount': '<=1380.00', 'age': '>42.00', 'duration_in_month': '<=18.00', 'telephone': 'none'}
18,german,nn,1,2,0.698,1.000,0.997,0.590,0.430,570,338138,1.000,2.692,1,1,2.184,0.952,1.000,0.840,0.503,1043,1036645,0.997,11.667,1,1,0.565,0.973,1.000,0.730,0.803,300,498322,0.597,0.412,1,5,0.946,37.697,EXPLAN Rule -> ,{'credit_amount': '>1919', 'age': '<=57'},LORE Rule ->,{'credit_amount': '>1025'},Anchor Rule ->,{'credit_amount': '>1380.00'}
19,german,nn,1,1,0.585,1.000,0.998,0.640,0.500,658,923857,0.998,2.676,1,1,1.530,0.963,0.999,0.800,0.526,1016,1401025,0.973,11.484,1,1,0.579,1.000,1.000,0.500,0.557,700,1403878,0.591,0.455,1,7,0.953,36.990,EXPLAN Rule -> ,{'credit_amount': '>1872'},LORE Rule ->,{'credit_amount': '>1232'},Anchor Rule ->,{'credit_amount': '>2333.00'}
20,german,nn,1,1,0.617,1.000,0.999,0.490,0.500,1134,5250880,0.999,1.807,1,1,2.211,1.000,0.999,0.680,0.507,1070,5178642,0.988,11.414,1,1,0.570,1.000,1.000,0.220,0.284,700,3994292,0.606,0.385,1,10,0.943,36.927,EXPLAN Rule -> ,{'credit_amount': '>2384'},LORE Rule ->,{'credit_amount': '>1548'},Anchor Rule ->,{'credit_amount': '>4154.50'}
21,german,nn,1,1,0.692,1.000,0.997,0.530,0.500,606,778050,0.997,2.015,1,1,1.627,0.924,1.000,0.920,0.498,1062,2062779,0.998,11.692,1,1,0.603,1.000,1.000,0.500,0.653,300,525458,0.573,0.379,1,9,0.948,36.465,EXPLAN Rule -> ,{'credit_amount': '>2249'},LORE Rule ->,{'credit_amount': '>609'},Anchor Rule ->,{'credit_amount': '>2333.00'}
22,german,nn,1,1,0.632,1.000,0.997,0.570,0.500,692,1845188,0.997,1.714,1,1,2.620,0.933,1.000,0.900,0.509,1046,2950387,0.991,11.597,1,1,0.577,1.000,1.000,0.220,0.533,300,767756,0.560,0.364,1,7,0.950,37.347,EXPLAN Rule -> ,{'credit_amount': '>2181'},LORE Rule ->,{'credit_amount': '>674'},Anchor Rule ->,{'credit_amount': '>4154.50'}
23,german,nn,0,2,0.599,0.984,0.989,0.620,0.465,628,213929,0.997,2.362,1,2,2.592,0.500,0.977,0.020,0.480,999,67704,0.990,11.513,1,8,0.637,1.000,1.000,0.010,0.558,88012,57238841,0.999,15.678,0,10,0.948,38.397,EXPLAN Rule -> ,{'credit_amount': '>1486', 'age': '<=48'},LORE Rule ->,{'duration_in_month': '<=7', 'age': '>40'},Anchor Rule ->,{'age': '>33.00', 'duration_in_month': '<=12.00', 'credit_amount': '<=2333.00', 'purpose': 'domestic appliances', 'job': 'unskilled - resident', 'housing': 'own', 'foreign_worker': 'yes', 'telephone': 'none'}
24,german,nn,1,1,0.564,1.000,1.000,0.610,0.500,530,577107,1.000,2.126,1,1,2.518,0.973,0.999,0.740,0.509,1030,1109457,0.990,11.332,1,1,0.552,1.000,1.000,0.500,0.527,1610,2834317,0.633,0.633,1,9,0.950,37.326,EXPLAN Rule -> ,{'credit_amount': '>2063'},LORE Rule ->,{'credit_amount': '>1323'},Anchor Rule ->,{'credit_amount': '>2333.00'}
25,german,nn,1,1,0.593,1.000,0.990,0.670,0.510,518,236292,1.000,2.160,1,2,2.007,1.000,0.998,0.680,0.522,1031,682740,0.976,11.743,1,1,0.605,1.000,1.000,0.460,0.566,500,891604,0.616,0.392,1,9,0.948,36.919,EXPLAN Rule -> ,{'credit_amount': '>1755'},LORE Rule ->,{'credit_amount': '>1545', 'duration_in_month': '>-3'},Anchor Rule ->,{'duration_in_month': '>18.00'}
26,german,nn,1,1,0.978,1.000,0.998,0.630,0.502,526,378922,1.000,2.369,1,1,1.850,0.943,0.997,0.870,0.499,1052,1373102,0.998,11.482,1,1,0.565,1.000,1.000,0.250,0.481,700,1034508,0.566,0.510,1,6,0.950,37.572,EXPLAN Rule -> ,{'credit_amount': '>1893'},LORE Rule ->,{'credit_amount': '>913'},Anchor Rule ->,{'duration_in_month': '>24.00'}
27,german,nn,1,1,0.901,1.000,1.000,0.530,0.500,576,1565276,1.000,1.829,1,1,2.038,0.916,1.000,0.950,0.513,1070,3095642,0.987,11.536,1,1,0.584,1.000,1.000,0.220,0.290,700,2441704,0.621,0.433,1,7,0.949,38.664,EXPLAN Rule -> ,{'credit_amount': '>2299'},LORE Rule ->,{'credit_amount': '>523'},Anchor Rule ->,{'credit_amount': '>4154.50'}
28,german,nn,1,1,1.001,1.000,1.000,0.530,0.500,562,3004033,1.000,1.861,1,1,2.134,0.974,0.998,0.770,0.506,1069,5923497,0.992,11.726,1,1,0.578,1.000,1.000,0.220,0.450,300,1954290,0.580,0.371,1,8,0.954,36.663,EXPLAN Rule -> ,{'credit_amount': '>2251'},LORE Rule ->,{'credit_amount': '>1283'},Anchor Rule ->,{'credit_amount': '>4154.50'}
29,german,nn,1,1,0.951,1.000,0.997,0.480,0.501,720,731122,0.999,2.032,1,1,2.271,0.925,1.000,0.930,0.507,1079,1435720,0.993,12.633,1,1,0.534,1.000,1.000,0.500,0.607,300,526010,0.630,0.412,1,5,0.945,38.523,EXPLAN Rule -> ,{'credit_amount': '>2406'},LORE Rule ->,{'credit_amount': '>608'},Anchor Rule ->,{'credit_amount': '>2333.00'}
30,german,nn,1,5,1.032,0.900,0.946,0.200,0.134,606,131071,0.998,3.359,1,2,2.129,0.896,0.996,0.670,0.530,999,65871,0.972,11.926,1,1,0.586,0.984,1.000,0.620,0.609,2412,4821694,0.633,0.743,1,10,0.951,36.750,EXPLAN Rule -> ,{'age': '<=34.0', 'duration_in_month': '<=19', 'credit_amount': '>717', 'housing': 'own'},LORE Rule ->,{'age': '<=35', 'duration_in_month': '>3'},Anchor Rule ->,{'duration_in_month': '>12.00'}
31,german,nn,1,1,0.736,1.000,0.995,0.650,0.505,574,285348,1.000,2.249,1,3,2.372,0.923,1.000,0.260,0.529,993,157495,0.962,11.922,1,1,0.552,0.973,1.000,0.730,0.769,900,1468196,0.631,0.523,1,10,0.949,36.447,EXPLAN Rule -> ,{'credit_amount': '>1823'},LORE Rule ->,{'duration_in_month': '>-4', 'credit_amount': '>827', 'purpose': 'domestic appliances'},Anchor Rule ->,{'credit_amount': '>1380.00'}
32,german,nn,1,3,0.798,1.000,0.998,0.020,0.397,514,164386,0.998,2.224,1,2,1.991,0.961,0.999,0.760,0.502,1038,703552,0.994,11.667,1,1,0.571,0.973,1.000,0.730,0.790,300,526043,0.607,0.388,1,7,0.942,37.072,EXPLAN Rule -> ,{'credit_amount': '1471.0< credit_amount <=1567.0', 'age': '<=40'},LORE Rule ->,{'credit_amount': '>1176', 'other_debtors': 'none'},Anchor Rule ->,{'credit_amount': '>1380.00'}
33,german,nn,1,2,0.502,0.985,0.985,0.650,0.505,644,157280,0.998,2.123,1,2,2.642,1.000,0.976,0.200,0.489,1081,151048,0.951,12.534,1,2,0.548,1.000,1.000,0.190,0.197,2900,5308234,0.655,0.929,1,9,0.947,36.485,EXPLAN Rule -> ,{'credit_amount': '>1299', 'age': '<=45'},LORE Rule ->,{'age': '<=40', 'purpose': 'car (new)'},Anchor Rule ->,{'age': '<=33.00', 'credits_this_bank': '2'}
34,german,nn,1,1,0.641,1.000,0.998,0.580,0.500,612,684119,0.998,2.042,1,1,2.225,0.963,0.997,0.800,0.511,1022,1318146,0.986,11.830,1,1,0.647,1.000,1.000,0.500,0.502,1011,1800580,0.668,0.547,1,7,0.946,36.373,EXPLAN Rule -> ,{'credit_amount': '>2169'},LORE Rule ->,{'credit_amount': '>1210'},Anchor Rule ->,{'credit_amount': '>2333.00'}
35,german,nn,1,1,0.654,1.000,0.998,0.610,0.502,556,526468,1.000,1.851,1,1,1.736,0.953,0.997,0.860,0.509,1051,1374722,0.988,13.591,1,1,0.585,1.000,1.000,0.500,0.511,2616,4432911,0.638,0.799,1,9,0.944,36.465,EXPLAN Rule -> ,{'credit_amount': '>2064'},LORE Rule ->,{'credit_amount': '>943'},Anchor Rule ->,{'credit_amount': '>2333.00'}
36,german,nn,1,1,0.728,1.000,1.000,0.610,0.500,560,556097,1.000,2.237,1,1,1.888,0.916,1.000,0.950,0.518,1055,1768388,0.982,12.018,1,1,0.557,1.000,1.000,0.500,0.663,300,540981,0.600,0.389,1,5,0.951,37.116,EXPLAN Rule -> ,{'credit_amount': '>2108'},LORE Rule ->,{'credit_amount': '>568'},Anchor Rule ->,{'credit_amount': '>2333.00'}
37,german,nn,1,1,0.785,1.000,0.990,0.620,0.510,592,363756,1.000,2.305,1,1,1.488,1.000,0.992,0.670,0.529,1010,351039,0.977,12.053,1,1,0.552,0.973,1.000,0.730,0.764,500,865130,0.638,0.447,1,10,0.949,47.613,EXPLAN Rule -> ,{'credit_amount': '>1957'},LORE Rule ->,{'credit_amount': '>1658'},Anchor Rule ->,{'credit_amount': '>1380.00'}
38,german,nn,1,1,0.670,1.000,1.000,0.580,0.500,612,799725,1.000,2.111,1,1,3.332,0.952,0.999,0.830,0.501,1028,1505956,0.998,12.301,1,1,0.588,1.000,1.000,0.500,0.566,500,991079,0.608,0.431,1,5,0.950,38.156,EXPLAN Rule -> ,{'credit_amount': '>2141'},LORE Rule ->,{'credit_amount': '>1073'},Anchor Rule ->,{'credit_amount': '>2333.00'}
39,german,nn,1,1,0.785,1.000,1.000,0.480,0.500,616,1672945,1.000,2.045,1,1,2.295,0.973,1.000,0.730,0.506,1070,3309130,0.994,11.788,1,1,0.569,1.000,1.000,0.220,0.340,500,1658143,0.560,0.385,1,8,0.946,36.948,EXPLAN Rule -> ,{'credit_amount': '>2424'},LORE Rule ->,{'credit_amount': '>1376'},Anchor Rule ->,{'credit_amount': '>4154.50'}
40,german,nn,1,1,0.665,1.000,1.000,0.610,0.500,524,950831,1.000,2.070,1,1,1.846,0.923,0.998,0.910,0.506,1072,2564935,0.993,11.805,1,1,0.614,1.000,1.000,0.220,0.266,2019,5048031,0.632,0.654,1,5,0.944,37.793,EXPLAN Rule -> ,{'credit_amount': '>2058'},LORE Rule ->,{'credit_amount': '>657'},Anchor Rule ->,{'credit_amount': '>4154.50'}
41,german,nn,1,4,0.686,1.000,0.976,0.030,0.071,548,286567,1.000,2.508,1,5,1.795,1.000,0.991,0.010,0.086,1006,91690,0.979,12.070,1,1,0.578,0.973,1.000,0.730,0.828,500,889948,0.588,0.433,1,10,0.951,37.779,EXPLAN Rule -> ,{'credit_amount': '>1901', 'age': '>54', 'duration_in_month': '>11', 'credits_this_bank': '1'},LORE Rule ->,{'duration_in_month': '6.0< duration_in_month <=12.0', 'purpose': '(vacation - does not exist?)', 'property': 'if not A121/A122 : car or other, not in attribute 6', 'credit_amount': '>1641'},Anchor Rule ->,{'credit_amount': '>1380.00'}
42,german,nn,1,1,0.800,1.000,1.000,0.610,0.500,576,835405,1.000,2.011,1,1,1.908,0.952,0.999,0.840,0.520,1041,1622287,0.979,11.970,1,1,0.572,1.000,1.000,0.460,0.520,500,922844,0.586,0.429,1,9,0.951,37.769,EXPLAN Rule -> ,{'credit_amount': '>2039'},LORE Rule ->,{'credit_amount': '>1039'},Anchor Rule ->,{'duration_in_month': '>18.00'}
43,german,nn,1,1,0.635,1.000,1.000,0.520,0.500,554,544226,1.000,1.944,1,1,2.334,0.943,0.999,0.880,0.511,1073,1659505,0.988,11.606,1,1,0.599,1.000,1.000,0.500,0.637,300,565345,0.607,0.401,1,3,0.952,37.118,EXPLAN Rule -> ,{'credit_amount': '>2303'},LORE Rule ->,{'credit_amount': '>879'},Anchor Rule ->,{'credit_amount': '>2333.00'}
44,german,nn,1,1,0.882,1.000,1.000,0.620,0.500,610,570587,1.000,2.319,1,1,2.949,0.952,0.999,0.830,0.511,1046,1346798,0.988,12.002,1,1,0.609,1.000,1.000,0.500,0.534,700,1123917,0.620,0.403,1,8,0.954,37.311,EXPLAN Rule -> ,{'credit_amount': '>1965'},LORE Rule ->,{'credit_amount': '>1062'},Anchor Rule ->,{'credit_amount': '>2333.00'}
45,german,nn,1,5,0.754,1.000,0.972,0.020,0.046,626,152927,1.000,2.532,1,4,2.007,0.333,0.976,0.030,0.037,1064,96965,0.976,12.193,1,4,0.551,1.000,1.000,0.010,0.053,7212,8041162,0.832,1.657,1,6,0.962,37.081,EXPLAN Rule -> ,{'credit_amount': '1175.0< credit_amount <=1424.0', 'age': '>47.0', 'duration_in_month': '<=14'},LORE Rule ->,{'duration_in_month': '<=12.0', 'purpose': 'radio/television', 'age': '>35'},Anchor Rule ->,{'credit_amount': '<=1380.00', 'age': '>42.00', 'duration_in_month': '<=18.00', 'purpose': 'radio/television'}
46,german,nn,1,1,0.593,1.000,0.999,0.500,0.500,776,2449452,0.999,1.767,1,1,1.533,1.000,1.000,0.670,0.515,1065,3290903,0.985,12.227,1,1,0.560,1.000,1.000,0.220,0.437,300,1061868,0.603,0.433,1,10,0.949,41.313,EXPLAN Rule -> ,{'credit_amount': '>2333'},LORE Rule ->,{'credit_amount': '>1764'},Anchor Rule ->,{'credit_amount': '>4154.50'}
47,german,nn,1,4,0.665,1.000,0.972,0.060,0.060,1670,561324,0.999,4.832,1,1,1.533,0.293,0.986,0.410,0.495,1034,112807,0.994,12.026,1,5,0.569,1.000,1.000,0.010,0.066,7613,9263042,0.813,1.749,1,10,0.956,39.577,EXPLAN Rule -> ,{'duration_in_month': '<=11.0', 'credit_amount': '<=923', 'age': '<=30'},LORE Rule ->,{'duration_in_month': '<=15'},Anchor Rule ->,{'credit_amount': '<=1380.00', 'duration_in_month': '<=12.00', 'purpose': 'radio/television', 'age': '>27.00', 'installment_as_income_perc': '4'}
48,german,nn,1,5,0.744,1.000,0.933,0.010,0.025,594,195737,0.997,3.989,1,4,1.600,1.000,0.989,0.020,0.492,999,66850,0.992,12.575,1,3,0.600,1.000,1.000,0.010,0.076,5012,10846834,0.618,1.273,1,8,0.948,38.095,EXPLAN Rule -> ,{'credit_amount': '385.0< credit_amount <=1169.0', 'duration_in_month': '<=13', 'age': '<=31', 'purpose': 'business'},LORE Rule ->,{'age': '<=28', 'purpose': 'business', 'duration_in_month': '>10', 'other_debtors': 'none'},Anchor Rule ->,{'age': '<=27.00', 'present_emp_since': '... < 1 year', 'purpose': 'business'}
49,german,nn,1,5,0.686,0.583,0.946,0.120,0.156,1684,817711,0.996,4.447,1,2,1.927,0.526,0.984,0.190,0.500,1073,150961,0.990,11.650,1,7,0.499,1.000,1.000,0.010,0.042,9618,10840558,0.943,2.292,0,9,0.957,37.406,EXPLAN Rule -> ,{'duration_in_month': '<=14.0', 'credit_amount': '<=885.0', 'age': '<=41'},LORE Rule ->,{'duration_in_month': '<=20', 'credit_amount': '<=1232'},Anchor Rule ->,{'credit_amount': '<=1380.00', 'duration_in_month': '<=12.00', 'purpose': 'radio/television', 'account_check_status': 'no checking account', 'people_under_maintenance': '2', 'present_res_since': '3', 'property': 'real estate'}
50,german,nn,1,1,0.744,1.000,1.000,0.530,0.500,518,613845,1.000,2.197,1,1,2.264,0.933,0.999,0.900,0.506,1047,1751703,0.993,13.322,1,1,0.587,1.000,1.000,0.500,0.505,2813,5157898,0.640,0.854,1,7,0.949,37.524,EXPLAN Rule -> ,{'credit_amount': '>2249'},LORE Rule ->,{'credit_amount': '>660'},Anchor Rule ->,{'credit_amount': '>2333.00'}
51,german,nn,1,1,0.610,1.000,0.997,0.530,0.500,726,2236503,0.997,1.833,1,1,2.388,0.943,1.000,0.880,0.503,1034,3511918,0.997,11.678,1,1,0.618,1.000,1.000,0.220,0.433,300,1027079,0.607,0.414,1,7,0.947,37.500,EXPLAN Rule -> ,{'credit_amount': '>2278'},LORE Rule ->,{'credit_amount': '>784'},Anchor Rule ->,{'credit_amount': '>4154.50'}
52,german,nn,1,3,0.730,1.000,0.993,0.040,0.021,710,252826,1.000,2.256,1,3,1.725,1.000,0.997,0.400,0.065,1041,66560,0.981,12.032,1,1,0.602,0.973,1.000,0.730,0.817,300,609736,0.597,0.429,1,9,0.946,37.629,EXPLAN Rule -> ,{'credit_amount': '>1442', 'age': '>53', 'duration_in_month': '>22'},LORE Rule ->,{'duration_in_month': '>23.0', 'credit_amount': '>1266'},Anchor Rule ->,{'credit_amount': '>1380.00'}
53,german,nn,1,1,0.896,1.000,0.999,0.620,0.500,678,685421,0.999,1.889,1,1,2.233,0.870,1.000,1.000,0.502,1056,1823831,0.998,12.055,1,1,0.582,1.000,1.000,0.500,0.660,300,622368,0.607,0.398,1,10,0.948,37.024,EXPLAN Rule -> ,{'credit_amount': '>1950'},LORE Rule ->,{'credit_amount': '>-309'},Anchor Rule ->,{'credit_amount': '>2333.00'}
54,german,nn,1,2,0.772,1.000,0.993,0.030,0.492,598,283532,1.000,2.424,1,1,1.688,0.963,0.999,0.820,0.506,1044,492192,0.993,12.566,1,1,0.615,0.973,1.000,0.730,0.758,500,950410,0.636,0.428,1,10,0.948,36.835,EXPLAN Rule -> ,{'credit_amount': '1553.0< credit_amount <=1837.0'},LORE Rule ->,{'credit_amount': '>1098'},Anchor Rule ->,{'credit_amount': '>1380.00'}
55,german,nn,1,2,0.875,1.000,0.996,0.640,0.486,692,356080,0.999,2.417,1,1,1.577,0.963,1.000,0.810,0.507,1073,3794122,0.989,11.581,1,1,0.553,0.973,1.000,0.730,0.737,700,1136887,0.623,0.462,1,8,0.953,37.037,EXPLAN Rule -> ,{'credit_amount': '>1659', 'age': '<=58'},LORE Rule ->,{'credit_amount': '>1126'},Anchor Rule ->,{'credit_amount': '>1380.00'}
56,german,nn,1,1,0.570,1.000,0.998,0.620,0.500,634,913580,0.998,2.941,1,1,2.173,0.974,1.000,0.770,0.512,1068,1738770,0.988,11.757,1,1,0.587,1.000,1.000,0.500,0.593,300,592249,0.630,0.390,1,6,0.945,37.543,EXPLAN Rule -> ,{'credit_amount': '>1965'},LORE Rule ->,{'credit_amount': '>1290'},Anchor Rule ->,{'credit_amount': '>2333.00'}
57,german,nn,1,3,0.662,1.000,0.982,0.060,0.302,792,184372,0.999,2.866,1,3,1.516,0.970,0.994,0.660,0.517,1084,552888,0.967,11.862,1,2,0.598,1.000,1.000,0.090,0.160,3412,5580822,0.640,0.982,1,6,0.954,41.040,EXPLAN Rule -> ,{'credit_amount': '1223.0< credit_amount <=1422.0', 'age': '<=33'},LORE Rule ->,{'credit_amount': '>716', 'duration_in_month': '>0', 'age': '<=38'},Anchor Rule ->,{'age': '<=27.00', 'property': 'if not A121/A122 : car or other, not in attribute 6'}
58,german,nn,1,4,0.751,1.000,0.965,0.050,0.422,732,170930,0.999,3.413,1,3,1.710,0.971,0.994,0.680,0.519,1006,191402,0.975,12.943,1,2,0.555,1.000,1.000,0.110,0.149,3610,6616132,0.637,1.337,1,4,0.957,39.542,EXPLAN Rule -> ,{'credit_amount': '1136.0< credit_amount <=1424.0', 'age': '<=48', 'duration_in_month': '>11'},LORE Rule ->,{'age': '<=39', 'duration_in_month': '>6', 'credit_amount': '>518'},Anchor Rule ->,{'age': '<=27.00', 'account_check_status': '< 0 DM'}
59,german,nn,1,3,0.795,1.000,0.941,0.100,0.313,750,166943,0.999,3.547,1,5,3.131,0.833,0.983,0.060,0.050,1090,97286,0.937,12.114,1,2,0.549,1.000,1.000,0.120,0.175,1500,2902552,0.627,0.637,1,7,0.951,38.218,EXPLAN Rule -> ,{'credit_amount': '806.0< credit_amount <=1323.0', 'age': '<=29'},LORE Rule ->,{'age': '26.0< age <=37.0', 'duration_in_month': '5.0< duration_in_month <=12.0', 'account_check_status': 'no checking account'},Anchor Rule ->,{'age': '<=27.00', 'credits_this_bank': '2'}
60,german,nn,1,1,0.638,1.000,1.000,0.580,0.500,596,1173622,1.000,1.742,1,1,1.596,0.986,0.999,0.710,0.507,1048,2356482,0.992,11.917,1,1,0.545,1.000,1.000,0.220,0.342,500,1262246,0.578,0.430,1,9,0.949,38.600,EXPLAN Rule -> ,{'credit_amount': '>2169'},LORE Rule ->,{'credit_amount': '>1480'},Anchor Rule ->,{'credit_amount': '>4154.50'}
61,german,nn,1,1,0.629,1.000,0.998,0.620,0.502,642,439937,1.000,2.236,1,2,1.893,0.963,0.999,0.810,0.523,1044,1154576,0.976,11.863,1,1,0.574,0.973,1.000,0.730,0.724,2821,4591585,0.640,0.841,1,6,0.943,38.337,EXPLAN Rule -> ,{'credit_amount': '>1995'},LORE Rule ->,{'credit_amount': '>1125', 'duration_in_month': '>-1'},Anchor Rule ->,{'credit_amount': '>1380.00'}
62,german,nn,1,1,0.662,1.000,1.000,0.580,0.500,588,1637185,1.000,1.779,1,1,1.908,0.943,0.998,0.880,0.522,1046,2866505,0.978,12.215,1,1,0.642,1.000,1.000,0.220,0.262,2217,8098232,0.627,0.811,1,10,0.952,41.216,EXPLAN Rule -> ,{'credit_amount': '>2133'},LORE Rule ->,{'credit_amount': '>769'},Anchor Rule ->,{'credit_amount': '>4154.50'}
63,german,nn,1,3,0.789,0.200,0.979,0.050,0.073,522,154720,1.000,2.655,1,6,1.606,1.000,0.991,0.010,0.112,1031,61280,0.988,12.228,0,5,1.137,0.667,1.000,0.030,0.878,59300,36524989,0.870,10.992,0,6,0.950,38.507,EXPLAN Rule -> ,{'credit_amount': '>1402', 'age': '>44', 'duration_in_month': '<=22'},LORE Rule ->,{'duration_in_month': '11.0< duration_in_month <=14.0', 'housing': 'own', 'purpose': 'car (used)', 'credit_history': 'existing credits paid back duly till now', 'age': '>49'},Anchor Rule ->,{'age': '>42.00', 'duration_in_month': '<=12.00', 'credit_amount': '<=2333.00', 'telephone': 'none', 'credits_this_bank': '1'}
64,german,nn,1,2,0.886,1.000,0.973,0.600,0.397,804,200493,1.000,2.689,1,5,1.719,1.000,0.984,0.040,0.141,1056,123110,0.969,13.089,1,2,0.582,1.000,1.000,0.200,0.279,3100,5689301,0.637,0.881,1,8,0.955,37.284,EXPLAN Rule -> ,{'credit_amount': '>1155', 'age': '<=38'},LORE Rule ->,{'age': '<=23.0', 'savings': '... < 100 DM', 'present_emp_since': '... < 1 year', 'duration_in_month': '>5'},Anchor Rule ->,{'age': '<=33.00', 'present_res_since': '2'}
65,german,nn,1,1,0.674,1.000,0.997,0.570,0.500,746,770190,0.997,2.331,1,1,1.679,0.933,1.000,0.900,0.511,1044,1522325,0.989,11.634,1,1,0.599,1.000,1.000,0.500,0.580,500,981920,0.636,0.467,1,10,0.951,37.691,EXPLAN Rule -> ,{'credit_amount': '>2212'},LORE Rule ->,{'credit_amount': '>690'},Anchor Rule ->,{'credit_amount': '>2333.00'}
66,german,nn,1,1,0.794,1.000,0.995,0.620,0.502,646,439380,0.997,2.197,1,1,2.341,0.953,1.000,0.860,0.515,1053,939682,0.985,11.779,1,1,0.594,0.973,1.000,0.730,0.790,300,503791,0.597,0.384,1,9,0.949,37.420,EXPLAN Rule -> ,{'credit_amount': '>1922'},LORE Rule ->,{'credit_amount': '>918'},Anchor Rule ->,{'credit_amount': '>1380.00'}
67,german,nn,1,1,0.706,1.000,0.999,0.610,0.501,682,515106,1.000,2.728,1,1,1.653,0.953,0.999,0.860,0.513,1067,1145476,0.986,12.521,1,1,0.634,1.000,1.000,0.500,0.509,1012,1649017,0.595,0.799,1,4,0.950,40.285,EXPLAN Rule -> ,{'credit_amount': '>2102'},LORE Rule ->,{'credit_amount': '>968'},Anchor Rule ->,{'credit_amount': '>2333.00'}
68,german,nn,1,1,0.669,1.000,1.000,0.580,0.500,578,2174058,1.000,1.760,1,1,1.355,0.986,0.998,0.710,0.501,1069,4440491,0.995,11.462,1,1,0.591,1.000,1.000,0.220,0.278,816,4142082,0.638,0.537,1,10,0.948,40.428,EXPLAN Rule -> ,{'credit_amount': '>2150'},LORE Rule ->,{'credit_amount': '>1502'},Anchor Rule ->,{'credit_amount': '>4154.50'}
69,german,nn,1,1,0.628,1.000,1.000,0.600,0.500,578,584328,1.000,1.983,1,1,2.063,0.943,0.999,0.880,0.507,1036,1145837,0.994,11.971,1,1,0.613,1.000,1.000,0.500,0.558,500,976396,0.596,0.685,1,3,0.948,37.725,EXPLAN Rule -> ,{'credit_amount': '>2121'},LORE Rule ->,{'credit_amount': '>820'},Anchor Rule ->,{'credit_amount': '>2333.00'}
70,german,nn,1,1,0.642,1.000,1.000,0.600,0.500,646,1706390,1.000,1.829,1,1,1.937,0.916,1.000,0.950,0.513,1064,3395625,0.987,11.781,1,1,0.628,1.000,1.000,0.220,0.241,1213,4302761,0.653,0.619,1,4,0.951,36.792,EXPLAN Rule -> ,{'credit_amount': '>2122'},LORE Rule ->,{'credit_amount': '>533'},Anchor Rule ->,{'credit_amount': '>4154.50'}
71,german,nn,1,2,0.711,0.643,0.949,0.140,0.245,1622,1152383,0.999,4.696,1,5,1.553,1.000,0.983,0.030,0.064,1080,182384,0.977,11.866,1,6,0.566,1.000,1.000,0.010,0.060,9010,12848765,0.893,2.085,0,2,0.949,37.359,EXPLAN Rule -> ,{'duration_in_month': '<=17', 'credit_amount': '<=927'},LORE Rule ->,{'duration_in_month': '<=23', 'age': '>37.0', 'housing': 'own', 'credit_amount': '<=1123'},Anchor Rule ->,{'credit_amount': '<=1380.00', 'duration_in_month': '<=12.00', 'age': '>33.00', 'purpose': 'domestic appliances', 'savings': 'unknown/ no savings account', 'present_res_since': '4'}
72,german,nn,1,4,0.655,1.000,0.967,0.020,0.189,1618,1121406,1.000,4.532,1,2,2.456,0.667,0.990,0.060,0.479,1076,311380,0.960,12.696,1,4,0.597,1.000,1.000,0.020,0.096,8412,12702926,0.827,2.402,1,7,0.959,37.395,EXPLAN Rule -> ,{'duration_in_month': '<=17', 'age': '>43', 'foreign_worker': 'yes', 'credit_amount': '<=1473'},LORE Rule ->,{'age': '>42', 'credit_amount': '<=1619'},Anchor Rule ->,{'credit_amount': '<=1380.00', 'age': '>42.00', 'duration_in_month': '<=18.00', 'installment_as_income_perc': '4'}
73,german,nn,1,4,0.617,1.000,0.936,0.150,0.095,506,131591,1.000,3.102,1,1,1.658,0.904,0.991,0.730,0.510,1038,113538,0.992,11.801,1,3,0.562,0.875,1.000,0.080,0.165,2100,4154984,0.631,0.729,1,7,0.955,37.554,EXPLAN Rule -> ,{'duration_in_month': '9.0< duration_in_month <=20.0', 'age': '<=30', 'savings': '... < 100 DM'},LORE Rule ->,{'age': '<=37'},Anchor Rule ->,{'age': '<=27.00', 'personal_status_sex': 'male : single', 'savings': '... < 100 DM'}
74,german,nn,1,1,0.560,1.000,1.000,0.600,0.500,610,1715233,1.000,1.731,1,1,1.674,0.933,0.998,0.900,0.511,1074,3735486,0.991,11.902,1,1,0.559,1.000,1.000,0.220,0.447,300,934815,0.590,0.368,1,3,0.947,38.048,EXPLAN Rule -> ,{'credit_amount': '>2118'},LORE Rule ->,{'credit_amount': '>685'},Anchor Rule ->,{'credit_amount': '>4154.50'}
75,german,nn,1,5,0.728,1.000,0.953,0.060,0.061,1606,496166,0.993,4.924,1,1,2.344,1.000,0.996,0.450,0.481,998,69978,0.986,12.233,1,1,0.614,1.000,1.000,0.460,0.603,700,1367237,0.613,0.432,1,5,0.947,37.735,EXPLAN Rule -> ,{'age': '38.0< age <=51.0', 'duration_in_month': '14.0< duration_in_month <=27.0', 'credit_amount': '>959'},LORE Rule ->,{'duration_in_month': '>20'},Anchor Rule ->,{'duration_in_month': '>18.00'}
76,german,nn,1,1,0.773,1.000,1.000,0.620,0.500,538,382234,1.000,2.728,1,1,1.496,0.953,0.999,0.860,0.523,1043,863481,0.976,11.751,1,1,0.524,1.000,1.000,0.460,0.641,700,1198086,0.630,0.481,1,8,0.951,37.716,EXPLAN Rule -> ,{'credit_amount': '>1979'},LORE Rule ->,{'credit_amount': '>918'},Anchor Rule ->,{'duration_in_month': '>18.00'}
77,german,nn,1,5,0.725,1.000,0.968,0.010,0.023,1636,999865,0.996,4.881,1,1,1.920,0.308,0.994,0.390,0.474,1021,106417,0.986,12.486,1,3,0.782,1.000,1.000,0.050,0.901,59805,35527076,0.924,10.483,0,7,0.956,39.557,EXPLAN Rule -> ,{'duration_in_month': '<=17', 'age': '<=27.0', 'credit_amount': '<=518.0'},LORE Rule ->,{'duration_in_month': '<=13'},Anchor Rule ->,{'credit_amount': '<=1380.00', 'duration_in_month': '<=12.00', 'present_res_since': '3'}
78,german,nn,1,2,0.657,1.000,0.998,0.610,0.472,648,445761,0.998,2.372,1,1,2.107,1.000,1.000,0.610,0.520,1031,310867,0.980,12.019,1,1,0.619,0.973,1.000,0.730,0.728,2411,3769325,0.655,0.745,1,5,0.950,38.792,EXPLAN Rule -> ,{'credit_amount': '>1979', 'age': '<=62'},LORE Rule ->,{'credit_amount': '>2023'},Anchor Rule ->,{'credit_amount': '>1380.00'}
79,german,nn,1,3,0.958,0.600,0.940,0.100,0.074,570,148303,1.000,3.545,1,2,2.536,0.381,0.964,0.210,0.504,1052,91538,0.979,15.920,1,15,0.964,1.000,1.000,0.010,0.167,51811,21841993,0.808,9.910,0,5,0.949,38.938,EXPLAN Rule -> ,{'duration_in_month': '<=15', 'age': '<=33', 'credit_amount': '<=759'},LORE Rule ->,{'duration_in_month': '<=14', 'age': '>28'},Anchor Rule ->,{'credit_amount': '<=1380.00', 'duration_in_month': '<=12.00', 'age': '>27.00', 'purpose': 'domestic appliances', 'installment_as_income_perc': '4', 'housing': 'own', 'foreign_worker': 'yes', 'credits_this_bank': '1', 'other_installment_plans': 'none', 'people_under_maintenance': '1', 'other_debtors': 'none', 'credit_history': 'existing credits paid back duly till now', 'savings': '100 <= ... < 500 DM', 'personal_status_sex': 'male : married/widowed', 'property': 'unknown / no property'}
80,german,nn,1,2,0.645,0.983,0.989,0.590,0.431,736,235962,0.999,3.071,1,3,1.769,0.984,0.989,0.620,0.518,1082,274838,0.936,13.178,1,1,0.566,0.973,1.000,0.730,0.810,300,594889,0.643,0.385,1,4,0.951,38.848,EXPLAN Rule -> ,{'credit_amount': '>1356', 'age': '<=43'},LORE Rule ->,{'age': '<=36', 'duration_in_month': '>0', 'credit_amount': '>792'},Anchor Rule ->,{'credit_amount': '>1380.00'}
81,german,nn,1,1,0.800,1.000,0.996,0.610,0.504,536,351787,1.000,2.380,1,2,1.991,0.953,1.000,0.860,0.522,1038,694432,0.978,12.208,1,1,0.571,0.973,1.000,0.730,0.780,900,1462289,0.617,0.500,1,9,0.950,37.050,EXPLAN Rule -> ,{'credit_amount': '>2051'},LORE Rule ->,{'credit_amount': '>958', 'duration_in_month': '>-10'},Anchor Rule ->,{'credit_amount': '>1380.00'}
82,german,nn,1,1,0.628,1.000,1.000,0.640,0.500,508,457776,1.000,1.990,1,1,2.178,0.952,0.998,0.830,0.515,1049,1113811,0.983,11.514,1,1,0.509,1.000,1.000,0.500,0.610,300,554268,0.617,0.421,1,6,0.947,39.937,EXPLAN Rule -> ,{'credit_amount': '>1867'},LORE Rule ->,{'credit_amount': '>1092'},Anchor Rule ->,{'credit_amount': '>2333.00'}
83,german,nn,1,3,0.644,0.950,0.918,0.200,0.157,580,148145,1.000,2.833,1,2,1.534,0.907,0.986,0.540,0.491,1062,220951,0.941,12.773,1,2,0.565,1.000,1.000,0.080,0.136,3210,6016933,0.647,0.879,1,7,0.959,37.770,EXPLAN Rule -> ,{'duration_in_month': '<=23', 'age': '<=28', 'credit_amount': '>640'},LORE Rule ->,{'age': '<=32', 'duration_in_month': '>5'},Anchor Rule ->,{'age': '<=27.00', 'purpose': 'car (new)'}
84,german,nn,1,4,0.660,1.000,0.958,0.020,0.009,1512,655201,1.000,4.888,1,2,2.338,0.960,0.998,0.500,0.473,1008,62928,0.996,11.999,1,2,0.545,1.000,1.000,0.020,0.134,1900,4197119,0.622,0.687,1,10,0.953,38.832,EXPLAN Rule -> ,{'duration_in_month': '<=17', 'credit_amount': '<=1200', 'age': '<=32', 'purpose': '(vacation - does not exist?)'},LORE Rule ->,{'duration_in_month': '>8', 'age': '<=32'},Anchor Rule ->,{'purpose': '(vacation - does not exist?)', 'present_res_since': '2'}
85,german,nn,1,6,0.823,1.000,0.924,0.020,0.009,536,161578,1.000,2.605,1,1,1.531,0.850,0.997,0.200,0.499,1038,115287,0.989,12.232,1,2,0.580,1.000,1.000,0.110,0.168,1700,4025047,0.636,0.681,1,10,0.954,36.940,EXPLAN Rule -> ,{'credit_amount': '522.0< credit_amount <=783.0', 'duration_in_month': '<=16', 'age': '<=27', 'purpose': 'domestic appliances'},LORE Rule ->,{'age': '<=24'},Anchor Rule ->,{'age': '<=27.00', 'account_check_status': '< 0 DM'}
86,german,nn,1,2,0.784,1.000,0.997,0.660,0.486,770,380497,1.000,2.454,1,1,2.266,0.888,1.000,0.980,0.515,1067,1137801,0.985,12.373,1,1,0.585,0.973,1.000,0.730,0.746,500,824769,0.572,0.459,1,10,0.953,38.292,EXPLAN Rule -> ,{'credit_amount': '>1597', 'age': '<=60'},LORE Rule ->,{'credit_amount': '>430'},Anchor Rule ->,{'credit_amount': '>1380.00'}
87,german,nn,1,1,0.630,1.000,1.000,0.620,0.500,596,4152691,1.000,1.898,1,1,1.886,0.870,1.000,1.000,0.513,1069,7872773,0.987,11.706,1,1,0.586,1.000,1.000,0.220,0.326,500,5178103,0.600,0.446,1,6,0.949,40.895,EXPLAN Rule -> ,{'credit_amount': '>1979'},LORE Rule ->,{'credit_amount': '>193'},Anchor Rule ->,{'credit_amount': '>4154.50'}
88,german,nn,1,1,0.660,1.000,1.000,0.520,0.500,688,1781294,1.000,1.754,1,1,2.336,0.870,1.000,1.000,0.507,1074,3139591,0.993,12.619,1,1,0.601,1.000,1.000,0.220,0.473,300,886800,0.567,0.409,1,9,0.947,38.084,EXPLAN Rule -> ,{'credit_amount': '>2315'},LORE Rule ->,{'credit_amount': '>0'},Anchor Rule ->,{'credit_amount': '>4154.50'}
89,german,nn,1,2,0.589,0.983,0.988,0.580,0.416,722,240666,0.997,2.658,1,4,1.935,0.963,0.978,0.270,0.069,1095,512601,0.942,12.209,1,1,0.549,0.973,1.000,0.730,0.776,900,1656788,0.602,0.477,1,10,0.952,38.086,EXPLAN Rule -> ,{'credit_amount': '>1393', 'age': '<=42'},LORE Rule ->,{'age': '33.0< age <=52.0', 'credit_amount': '>732', 'duration_in_month': '>5'},Anchor Rule ->,{'credit_amount': '>1380.00'}
90,german,nn,1,3,0.699,1.000,0.958,0.070,0.341,578,138208,0.998,3.467,1,3,2.150,1.000,0.995,0.460,0.508,977,227316,0.965,13.573,1,1,0.580,1.000,1.000,0.460,0.597,700,1306954,0.603,0.462,1,9,0.950,37.855,EXPLAN Rule -> ,{'credit_amount': '1007.0< credit_amount <=1322.0', 'age': '<=36'},LORE Rule ->,{'duration_in_month': '>14', 'credit_amount': '>551', 'age': '<=37'},Anchor Rule ->,{'duration_in_month': '>18.00'}
91,german,nn,1,3,0.858,0.615,0.899,0.130,0.225,630,263280,1.000,2.519,1,3,1.943,1.000,0.999,0.050,0.041,1043,104380,0.995,11.848,1,13,0.750,1.000,1.000,0.010,0.210,28410,19500962,0.817,5.585,0,5,0.951,38.713,EXPLAN Rule -> ,{'duration_in_month': '<=12', 'age': '<=42', 'credit_amount': '<=1038'},LORE Rule ->,{'duration_in_month': '<=6.0', 'credit_amount': '<=944'},Anchor Rule ->,{'credit_amount': '<=1380.00', 'duration_in_month': '<=12.00', 'age': '>27.00', 'personal_status_sex': 'female : divorced/separated/married', 'housing': 'own', 'property': 'real estate', 'account_check_status': 'no checking account', 'purpose': 'domestic appliances', 'savings': '... < 100 DM', 'foreign_worker': 'yes', 'other_installment_plans': 'none', 'present_res_since': '1', 'telephone': 'none'}
92,german,nn,1,1,0.413,1.000,0.998,0.530,0.500,662,2152180,0.998,2.338,1,1,2.409,1.000,0.997,0.670,0.512,1056,3681093,0.985,11.844,1,1,0.577,1.000,1.000,0.220,0.247,1016,4366035,0.686,0.563,1,7,0.948,37.750,EXPLAN Rule -> ,{'credit_amount': '>2249'},LORE Rule ->,{'credit_amount': '>1631'},Anchor Rule ->,{'credit_amount': '>4154.50'}
93,german,nn,1,1,0.877,1.000,1.000,0.610,0.500,536,576172,1.000,2.326,1,1,2.279,0.943,0.998,0.880,0.532,1027,1368448,0.966,11.458,1,1,0.558,1.000,1.000,0.500,0.527,700,1214882,0.611,0.442,1,6,0.950,38.356,EXPLAN Rule -> ,{'credit_amount': '>2063'},LORE Rule ->,{'credit_amount': '>763'},Anchor Rule ->,{'credit_amount': '>2333.00'}
94,german,nn,1,1,0.348,1.000,1.000,0.610,0.500,554,501849,1.000,2.482,1,1,2.446,0.943,0.997,0.880,0.508,1048,1142526,0.991,12.000,1,1,0.631,1.000,1.000,0.500,0.552,500,925465,0.590,0.462,1,9,0.946,36.980,EXPLAN Rule -> ,{'credit_amount': '>2063'},LORE Rule ->,{'credit_amount': '>832'},Anchor Rule ->,{'credit_amount': '>2333.00'}
95,german,nn,1,5,0.783,1.000,0.949,0.020,0.028,544,156167,1.000,3.099,1,1,2.154,0.308,0.999,0.390,0.496,1031,91960,0.995,12.236,1,13,0.844,1.000,1.000,0.010,0.222,45210,22848274,0.812,8.223,0,5,0.954,39.622,EXPLAN Rule -> ,{'credit_amount': '<=1138', 'duration_in_month': '<=7.0', 'age': '<=27', 'account_check_status': 'no checking account'},LORE Rule ->,{'duration_in_month': '<=14'},Anchor Rule ->,{'credit_amount': '<=1380.00', 'duration_in_month': '<=12.00', 'purpose': 'education', 'account_check_status': 'no checking account', 'telephone': 'none', 'foreign_worker': 'yes', 'savings': '500 <= ... < 1000 DM', 'present_res_since': '4', 'present_emp_since': '4 <= ... < 7 years', 'personal_status_sex': 'male : married/widowed', 'other_debtors': 'none', 'other_installment_plans': 'none', 'job': 'unskilled - resident'}
96,german,nn,1,1,0.642,1.000,1.000,0.620,0.500,582,462278,1.000,2.327,1,1,2.651,1.000,0.998,0.670,0.514,1024,976632,0.984,12.288,1,1,0.555,1.000,1.000,0.500,0.520,700,1250096,0.629,0.489,1,8,0.947,37.974,EXPLAN Rule -> ,{'credit_amount': '>1922'},LORE Rule ->,{'credit_amount': '>1632'},Anchor Rule ->,{'credit_amount': '>2333.00'}
97,german,nn,1,1,0.621,1.000,0.999,0.620,0.500,704,478632,0.999,2.578,1,1,2.460,0.952,1.000,0.830,0.519,1058,1071194,0.981,12.502,1,1,0.592,0.973,1.000,0.730,0.790,500,810786,0.612,0.505,1,10,0.947,40.122,EXPLAN Rule -> ,{'credit_amount': '>1935'},LORE Rule ->,{'credit_amount': '>1062'},Anchor Rule ->,{'credit_amount': '>1380.00'}
98,german,nn,1,1,0.794,1.000,0.997,0.630,0.500,638,4829307,0.997,1.715,1,1,2.197,0.870,1.000,1.000,0.507,1074,8159045,0.993,11.937,1,1,0.585,1.000,1.000,0.220,0.291,700,7745990,0.587,0.484,1,8,0.946,37.738,EXPLAN Rule -> ,{'credit_amount': '>1908'},LORE Rule ->,{'credit_amount': '>-180'},Anchor Rule ->,{'credit_amount': '>4154.50'}
99,german,nn,1,1,0.652,1.000,1.000,0.550,0.500,822,1347935,1.000,1.928,1,1,1.905,0.870,1.000,1.000,0.497,1067,2272834,0.997,11.468,1,1,0.566,1.000,1.000,0.500,0.538,701,1524251,0.613,0.488,1,9,0.950,38.053,EXPLAN Rule -> ,{'credit_amount': '>2241'},LORE Rule ->,{'credit_amount': '>-7'},Anchor Rule ->,{'credit_amount': '>2333.00'}
